id,name,groups,age,healthy_eating,active_lifestyle,salary
0,June Ayala,A,36,5,5,2297
1,Raelynn Yang,A,55,3,5,1134
2,Elisabeth Hill,A,61,8,1,4969
3,Vicente Perkins,O,29,3,6,902
4,Lawrence Olsen,O,34,6,2,3574
5,Kiana Ross,O,42,5,3,2761
6,Amani Austin,AB,53,4,6,1484
7,Lukas Lopez,B,41,8,6,3809
8,Kolten Clements,A,47,5,6,2065
9,Mitchell Holloway,A,31,4,8,1020
10,Monique Hunt,A,47,6,9,1950
11,Jayce Friedman,O,40,7,1,4387
12,Aurora Page,O,41,3,2,1830
13,Jadon Luna,O,46,6,8,2182
14,Arianna Fitzpatrick,AB,51,7,5,3460
15,Arnav Acosta,B,57,3,8,662
16,Carter Dougherty,A,33,3,5,1134
17,Emery Malone,A,41,4,8,1020
18,Paola Spears,A,46,2,6,779
19,Helen Klein,O,32,7,6,3228
20,Neil Townsend,O,57,7,6,3228
21,Mario Larson,O,26,1,6,1360
22,Oliver May,AB,59,7,5,3460
23,Alivia Baird,B,55,6,4,3110
24,Ethan Riggs,A,51,5,8,1601
25,Allan Guzman,A,63,6,7,2414
26,Landyn Russo,A,62,9,6,4390
27,Neil Becker,O,37,3,5,1134
28,Jaden Mcmahon,O,63,6,7,2414
29,Gracie Carpenter,O,20,8,6,3809
30,Alyson Pineda,AB,63,4,7,1252
31,Cassie Avila,B,54,7,8,2764
32,Andy Harvey,A,58,3,8,662
33,Giovanny Cooper,A,18,4,6,1484
34,Harper Sullivan,A,29,5,7,1833
35,Mikaela Hicks,O,61,2,4,785
36,Yareli Burton,O,51,5,5,2297
37,Maximus Solomon,O,22,3,5,1134
38,Victor Stewart,AB,36,3,7,670
39,Skyla Gutierrez,B,62,2,6,779
40,Myla Murillo,A,54,6,8,2182
41,Karlie Beltran,A,55,5,3,2761
42,Antonio Howell,A,55,6,7,2414
43,Giuliana Boone,O,42,4,10,556
44,Hallie Oneal,O,41,6,6,2646
45,Bennett Forbes,O,43,5,8,1601
46,Gia George,AB,24,4,3,2179
47,Jensen Zhang,B,44,4,6,1484
48,Abbie Jensen,A,42,5,6,2065
49,Darian Morton,A,54,6,9,1950
50,Clayton Martinez,A,34,3,6,902
51,Camryn Mercer,O,32,5,8,1601
52,Jayden Frederick,O,28,7,2,4155
53,Todd Wagner,O,18,2,4,785
54,Amir Dawson,AB,64,3,7,670
55,Tomas Perry,B,44,6,5,2878
56,Jaiden Kirk,A,56,5,5,2297
57,Ivy Mccall,A,54,6,1,3806
58,Shannon Bradshaw,A,23,9,6,4390
59,Gabriella Gray,O,42,8,3,4505
60,Caitlyn Schwartz,O,64,7,10,2300
61,Elvis Durham,O,57,3,5,1134
62,Jaylin Cooley,AB,20,5,5,2297
63,Natalie Odonnell,B,37,5,3,2761
64,Moses Morrow,A,45,7,4,3691
65,Cindy Eaton,A,45,6,6,2646
66,Jordyn Ayers,A,27,3,4,1366
67,Lily Dougherty,O,43,6,3,3342
68,Brent Potter,O,20,5,7,1833
69,Antony Eaton,O,28,8,5,4041
70,Cassie Brady,AB,60,3,2,1830
71,Gwendolyn Acevedo,B,34,4,4,1948
72,Mercedes Fitzpatrick,A,21,5,1,3225
73,Jerome Pham,A,50,5,7,1833
74,Dominic Bowen,A,31,6,7,2414
75,Madilyn Oneal,O,26,8,6,3809
76,Mike Long,O,59,4,5,1716
77,Riley Colon,O,21,7,7,2996
78,Weston Contreras,AB,61,6,8,2182
79,Jaylon Bernard,B,47,6,8,2182
80,Trent Burch,A,30,3,2,1830
81,Carolina Middleton,A,19,5,2,2993
82,George Spears,A,56,6,6,2646
83,Jaiden Marshall,O,49,9,6,4390
84,Lilly Hoover,O,39,3,4,1366
85,Presley Rasmussen,O,64,7,6,3228
86,Giovanny Chase,AB,53,6,5,2878
87,Jacoby Hicks,B,28,6,6,2646
88,Dario Spears,A,62,5,7,1833
89,Conrad Wright,A,57,3,7,670
90,Makhi Chang,A,55,1,9,2056
91,Kelsey Crosby,O,25,4,6,1484
92,Audrey Dougherty,O,31,8,1,4969
93,Erin Leon,O,34,7,6,3228
94,Dulce Park,AB,47,5,8,1601
95,Maximo Holden,B,40,3,3,1598
96,Ivy Thomas,A,32,8,1,4969
97,Jessica Mccann,A,32,6,6,2646
98,Ella Winters,A,56,6,8,2182
99,Gavyn Parsons,O,19,4,6,1484
100,Carmen Adams,O,45,4,6,1484
101,Aryanna Mckee,O,60,5,7,1833
102,Carissa Hoover,AB,37,4,6,1484
103,Lee Choi,B,36,3,8,662
104,Adrien Freeman,A,59,6,7,2414
105,Judah Atkins,A,48,9,5,4622
106,Ulises Adkins,A,56,6,5,2878
107,Terrance Wright,O,52,6,9,1950
108,Victor Lozano,O,25,6,5,2878
109,Brittany Velasquez,O,51,3,5,1134
110,Erick Strickland,AB,30,4,7,1252
111,Clare Elliott,B,46,5,5,2297
112,Kai Mueller,A,45,6,8,2182
113,Jaylan Friedman,A,44,3,3,1598
114,Jaylin Greene,A,49,7,6,3228
115,Dominique Estes,O,50,2,7,1011
116,Izabella Ashley,O,26,5,3,2761
117,Keagan Combs,O,30,3,6,902
118,Jamir Cummings,AB,21,4,8,1020
119,Kaleb Maxwell,B,48,8,9,3113
120,Evelyn Acosta,A,37,6,5,2878
121,Santiago Fleming,A,28,7,6,3228
122,Uriah Ross,A,29,5,1,3225
123,Tyshawn Mason,O,28,5,4,2529
124,Layton Boyd,O,64,3,9,894
125,Caleb Johns,O,44,4,8,1020
126,Kareem Mason,AB,63,3,7,670
127,Leroy Blanchard,B,37,9,7,4158
128,Adrienne Richards,A,18,3,3,1598
129,Magdalena Mcdowell,A,60,6,5,2878
130,Jade Glenn,A,22,6,8,2182
131,Malik Bryan,O,62,6,7,2414
132,Braydon Dodson,O,58,1,5,1128
133,Edgar Patton,O,41,0,8,2406
134,Kayden Hester,AB,19,6,5,2878
135,Katherine Woodward,B,21,2,3,1017
136,Ian Levine,A,43,5,4,2529
137,Violet Lynn,A,53,4,10,556
138,Thomas Brennan,A,43,2,9,1475
139,Ryan Cantrell,O,32,6,8,2182
140,Damon Nielsen,O,43,4,2,2411
141,Dario Mcbride,O,26,7,7,2996
142,Giovani Elliott,AB,38,6,5,2878
143,Jaylan Joseph,B,62,1,2,667
144,Isaiah Cox,A,33,4,5,1716
145,Hadassah Santiago,A,29,6,4,3110
146,Jessica Ramsey,A,46,7,4,3691
147,Shaniya Calderon,O,39,6,3,3342
148,Caitlyn Leblanc,O,44,5,6,2065
149,Charlie Duffy,O,41,6,6,2646
150,Skye Padilla,AB,49,5,4,2529
151,Cade Dominguez,B,58,1,6,1360
152,Ainsley Olson,A,55,7,3,3923
153,Cara Hamilton,A,54,6,5,2878
154,Bradyn Ray,A,51,4,7,1252
155,Taliyah Cline,O,34,6,9,1950
156,Rebecca Humphrey,O,19,5,6,2065
157,Anastasia Carey,O,51,7,5,3460
158,Luz Mccoy,AB,44,6,9,1950
159,Gustavo Chavez,B,30,7,6,3228
160,Greta Keller,A,32,4,5,1716
161,Elian Watson,A,52,2,6,779
162,Tianna Greene,A,33,7,6,3228
163,Abel Chapman,O,25,7,6,3228
164,Augustus Mcgrath,O,36,3,9,894
165,Mohamed Callahan,O,27,7,3,3923
166,Yandel Austin,AB,59,6,8,2182
167,Adonis Freeman,B,38,3,8,662
168,Evan Knapp,A,54,8,5,4041
169,Markus Benitez,A,58,5,5,2297
170,Angelo Spears,A,63,5,2,2993
171,Davian Le,O,50,3,6,902
172,Jimena Hansen,O,32,2,6,779
173,Urijah Kramer,O,58,9,5,4622
174,Zaire Johnson,AB,21,3,6,902
175,Lennon Lloyd,B,39,3,6,902
176,Amina Black,A,21,6,6,2646
177,Karsyn Wang,A,31,2,9,1475
178,Brylee Hanson,A,44,3,6,902
179,Giancarlo Dean,O,49,7,9,2532
180,Marina Suarez,O,35,3,6,902
181,Roy Avila,O,30,7,8,2764
182,Cory Bruce,AB,49,8,5,4041
183,Roberto Montes,B,61,4,7,1252
184,Jensen Oneill,A,31,5,6,2065
185,Van Dillon,A,38,8,5,4041
186,Magdalena Parker,A,22,5,5,2297
187,Cheyanne Sparks,O,23,3,8,662
188,Darren Arias,O,48,8,6,3809
189,Thalia Howell,O,34,4,6,1484
190,Pamela Potter,AB,33,6,8,2182
191,Case Potts,B,43,7,5,3460
192,Kymani Hunt,A,43,3,6,902
193,Davis Hunt,A,36,4,5,1716
194,Beatrice Mccoy,A,34,4,5,1716
195,Charles Mason,O,56,5,7,1833
196,Miranda Vance,O,18,3,4,1366
197,Julia Cooley,O,51,8,6,3809
198,Isabelle Cherry,AB,34,3,6,902
199,Jaylene Griffin,B,50,4,3,2179
200,Moshe Sheppard,A,18,4,5,1716
201,Kelsey Clayton,A,44,7,8,2764
202,Rubi Steele,A,46,5,3,2761
203,Jaylon Michael,O,35,10,8,4508
204,Keely Graves,O,55,7,8,2764
205,Gary Bennett,O,31,3,6,902
206,Devon Santana,AB,20,6,2,3574
207,Blaine Bush,B,58,9,6,4390
208,Scott Hampton,A,23,9,3,5086
209,Warren Leon,A,37,6,7,2414
210,Kaya Hudson,A,39,4,6,1484
211,Raelynn Blanchard,O,22,8,8,3345
212,Jacqueline Nichols,O,22,9,2,5318
213,Alisson Poole,O,50,6,6,2646
214,Yadiel Gallegos,AB,25,3,1,2062
215,Alonso Buck,B,61,9,9,3694
216,Darnell Copeland,A,18,4,8,1020
217,Kaleb Maldonado,A,53,4,8,1020
218,Skye Weeks,A,37,0,4,1478
219,Cassie Casey,O,38,5,8,1601
220,Kathryn Clements,O,50,4,4,1948
221,Anaya Klein,O,59,5,2,2993
222,Miya Edwards,AB,23,3,4,1366
223,Yaritza Bowman,B,32,7,6,3228
224,Maren Carroll,A,40,8,9,3113
225,America Dickson,A,47,4,5,1716
226,Marlene Hendrix,A,26,3,6,902
227,Carlos Trevino,O,24,5,3,2761
228,Caiden Duke,O,54,7,6,3228
229,Janiah Duffy,O,41,6,7,2414
230,Paige Garner,AB,58,2,7,1011
231,Derrick Kane,B,50,7,7,2996
232,Jovanny Barrera,A,29,3,7,670
233,Chase Bullock,A,55,3,4,1366
234,Jordon Love,A,64,5,5,2297
235,Kade Zamora,O,23,4,5,1716
236,Karlie Williamson,O,55,5,6,2065
237,Kael Keller,O,49,4,4,1948
238,Valeria Salinas,AB,40,2,9,1475
239,Odin Blackwell,B,50,7,6,3228
240,Denise Walker,A,63,1,8,1824
241,Uriel Michael,A,43,3,3,1598
242,Johnathon Crawford,A,48,4,1,2643
243,Aarav Montoya,O,30,3,3,1598
244,Talon Meyer,O,63,4,9,788
245,Kayden Butler,O,64,6,6,2646
246,Kaiden Weeks,AB,59,1,2,667
247,Giancarlo Pollard,B,33,3,3,1598
248,Melany Flores,A,62,4,3,2179
249,Marlon Lopez,A,60,3,7,670
250,Braedon Williamson,A,60,5,3,2761
251,Elyse Steele,O,35,8,6,3809
252,Rylie Patel,O,24,5,3,2761
253,Weston Oliver,O,29,4,6,1484
254,Derek Davidson,AB,18,4,5,1716
255,Quintin Terry,B,25,7,3,3923
256,Ariel Burns,A,57,4,5,1716
257,Giana Arroyo,A,28,6,2,3574
258,Bryce Jordan,A,44,6,2,3574
259,Eugene Simon,O,53,6,6,2646
260,Cole Cummings,O,63,6,8,2182
261,Aurora Salinas,O,44,4,5,1716
262,Amy Wilkinson,AB,58,5,9,1369
263,Johnathon Knapp,B,20,3,9,894
264,Madelyn Carter,A,24,3,1,2062
265,Jakobe Stewart,A,25,5,6,2065
266,Jaron Paul,A,46,8,6,3809
267,Immanuel Joyce,O,57,4,3,2179
268,Jair Quinn,O,57,4,7,1252
269,Demetrius Foley,O,36,7,3,3923
270,Kolton Gibbs,AB,51,10,4,5435
271,Lilian Cunningham,B,59,3,4,1366
272,Zachariah Wilkinson,A,21,6,6,2646
273,Dillan Whitehead,A,41,9,4,4854
274,Isai Humphrey,A,33,9,3,5086
275,Miguel Singleton,O,57,7,6,3228
276,Charity Chambers,O,47,3,6,902
277,Adrienne Graham,O,41,5,7,1833
278,Amiah Butler,AB,58,5,9,1369
279,Kenley Aguirre,B,50,4,9,788
280,Brooks Freeman,A,54,6,4,3110
281,Gloria Dickerson,A,52,5,6,2065
282,Jovan Pollard,A,54,6,2,3574
283,Ansley Mooney,O,35,7,3,3923
284,Kailey Austin,O,18,2,4,785
285,Emilio Lopez,O,45,6,8,2182
286,Sadie Jarvis,AB,58,6,7,2414
287,Isaias Ellis,B,25,4,1,2643
288,Davian Mccall,A,19,5,5,2297
289,Julianne Watts,A,27,4,4,1948
290,Ximena Newman,A,43,6,6,2646
291,Jenny Medina,O,23,6,4,3110
292,Elizabeth Bishop,O,39,4,7,1252
293,Zander Mcgee,O,41,9,6,4390
294,Adriana Alexander,AB,37,8,5,4041
295,Jair Gould,B,52,2,10,1707
296,Brooklyn Brennan,A,52,4,4,1948
297,Ronan Hurst,A,44,4,1,2643
298,Gauge Bean,A,33,1,9,2056
299,Rory Landry,O,43,4,8,1020
300,Madeleine Rivera,O,19,5,4,2529
301,Adrien Dixon,O,21,5,4,2529
302,Bruce Robbins,AB,37,4,5,1716
303,Shayna Bowers,B,46,3,7,670
304,Raul Blackburn,A,50,4,7,1252
305,Eric Kane,A,37,3,6,902
306,Bryanna Arnold,A,30,5,8,1601
307,Samantha Webb,O,37,4,5,1716
308,Gage Banks,O,49,6,4,3110
309,Amiyah Brock,O,19,6,7,2414
310,Keshawn Woodard,AB,42,9,7,4158
311,Drew Nguyen,B,62,3,10,1126
312,Alana Walker,A,42,8,3,4505
313,Gemma Friedman,A,21,5,9,1369
314,Finn Hamilton,A,25,1,4,896
315,Ada Barton,O,33,3,3,1598
316,Kennedy Blake,O,20,4,3,2179
317,Isabel Ortiz,O,59,7,7,2996
318,Isai Barron,AB,62,4,8,1020
319,Jaylin Ho,B,22,5,3,2761
320,Abigail Mckee,A,40,8,9,3113
321,Nehemiah Haney,A,50,7,6,3228
322,Juliana Olson,A,62,3,8,662
323,Franklin Hendricks,O,33,5,9,1369
324,Jamison Gonzales,O,23,8,8,3345
325,Amaris Gardner,O,51,5,7,1833
326,Joey George,AB,36,5,9,1369
327,Kinsley Singh,B,61,4,5,1716
328,Jean Barry,A,60,4,7,1252
329,Kylan Herring,A,56,2,7,1011
330,Natalia Compton,A,58,6,6,2646
331,Porter Weaver,O,20,0,5,1710
332,Kathryn Blanchard,O,60,6,4,3110
333,Kristin Parker,O,46,4,7,1252
334,Amelia Knight,AB,55,4,7,1252
335,Nathaly Ball,B,61,9,5,4622
336,Angelo Sawyer,A,28,6,5,2878
337,Alijah Hanson,A,44,8,4,4273
338,Willow Richard,A,54,5,7,1833
339,Valeria Gentry,O,35,10,9,4276
340,Eve Grimes,O,62,0,5,1710
341,Eva Mccormick,O,28,7,4,3691
342,Haylie Huber,AB,42,4,7,1252
343,Tessa Warner,B,53,2,5,553
344,Ezekiel Avila,A,25,5,7,1833
345,Trent Wright,A,57,5,3,2761
346,Danielle Middleton,A,60,5,8,1601
347,Miguel Proctor,O,34,3,5,1134
348,Diego Hanson,O,19,5,6,2065
349,Kinley Camacho,O,49,7,5,3460
350,Thalia Smith,AB,35,5,6,2065
351,Tatum Ball,B,55,5,0,3457
352,Elizabeth Clements,A,63,3,5,1134
353,Rayan Lester,A,46,7,7,2996
354,Kamari Tran,A,55,5,6,2065
355,Jaiden Gallegos,O,29,3,5,1134
356,Thomas Chen,O,28,4,4,1948
357,Teresa Logan,O,46,1,7,1592
358,Maritza Quinn,AB,58,7,6,3228
359,Katherine Hutchinson,B,28,3,6,902
360,Arthur Hayden,A,31,4,7,1252
361,April Payne,A,56,5,3,2761
362,Justice Hinton,A,43,5,10,1137
363,Jaime Shannon,O,26,4,3,2179
364,Haylie Bishop,O,46,1,4,896
365,Asa Hanna,O,41,5,7,1833
366,Harold Maldonado,AB,50,5,7,1833
367,Jayce Phelps,B,58,4,3,2179
368,Brooke Wyatt,A,56,5,5,2297
369,Draven Novak,A,49,7,6,3228
370,Raven Massey,A,20,8,6,3809
371,Stacy Wyatt,O,31,2,4,785
372,Aimee Carey,O,61,5,10,1137
373,Hassan Graves,O,54,6,5,2878
374,Patrick Sawyer,AB,23,7,8,2764
375,Nathanael Soto,B,53,5,7,1833
376,Dangelo Rivas,A,62,3,6,902
377,Julianne Schroeder,A,47,3,8,662
378,Maribel Buckley,A,43,2,3,1017
379,Abril Humphrey,O,30,4,5,1716
380,Jeremiah Dawson,O,36,7,3,3923
381,Ryan Rose,O,48,6,5,2878
382,Paul Ware,AB,61,6,7,2414
383,Gracelyn Hughes,B,45,3,9,894
384,Albert Houston,A,33,4,7,1252
385,Sofia Matthews,A,31,5,7,1833
386,Kyle Escobar,A,20,3,5,1134
387,Lesly Richards,O,55,5,5,2297
388,Frederick Wu,O,24,6,5,2878
389,Braedon Curry,O,46,6,5,2878
390,Nathaly Choi,AB,52,7,1,4387
391,Sasha Farley,B,56,3,7,670
392,Mackenzie Rivers,A,62,4,7,1252
393,Yoselin Edwards,A,58,2,6,779
394,Keira Gray,A,42,6,7,2414
395,Aidan Tucker,O,53,7,3,3923
396,Annabelle Beasley,O,18,8,9,3113
397,Lorenzo Zamora,O,62,8,7,3577
398,Sydnee Drake,AB,38,6,4,3110
399,Aylin Peck,B,60,3,5,1134
400,Aedan Lynch,A,49,7,8,2764
401,Gilbert Macias,A,18,5,8,1601
402,Cloe Meadows,A,28,6,5,2878
403,Kinley Jensen,O,22,6,7,2414
404,Alena Woods,O,27,7,5,3460
405,Gael Hanson,O,42,3,5,1134
406,Ana Middleton,AB,31,6,5,2878
407,Yosef Douglas,B,19,6,2,3574
408,Gisselle Lester,A,25,2,5,553
409,Junior Walter,A,18,4,8,1020
410,Naomi Young,A,34,3,3,1598
411,Raul Austin,O,44,6,8,2182
412,Gwendolyn Zhang,O,42,7,3,3923
413,Deegan Cameron,O,46,6,8,2182
414,Kieran Kerr,AB,35,5,8,1601
415,Nikolai Reilly,B,53,1,10,2288
416,Cailyn Hunt,A,30,2,5,553
417,Billy Kramer,A,60,4,3,2179
418,Brady Obrien,A,22,3,3,1598
419,Marina Garner,O,58,6,9,1950
420,Travis Bush,O,47,5,4,2529
421,Makaila Pearson,O,33,3,6,902
422,Brenda Nielsen,AB,64,4,7,1252
423,Dexter Love,B,47,2,5,553
424,Avery Reynolds,A,56,3,0,2294
425,Bailey Henderson,A,30,3,6,902
426,Lila Cooley,A,43,8,8,3345
427,Dale Fitzpatrick,O,32,7,4,3691
428,Shamar Patton,O,31,5,6,2065
429,Lilian Shelton,O,48,6,7,2414
430,Caroline Walls,AB,23,4,3,2179
431,Olivia Wu,B,21,4,6,1484
432,Kaitlin White,A,51,4,9,788
433,Kade Singleton,A,18,6,4,3110
434,Ezra Mcpherson,A,34,5,4,2529
435,Kamron King,O,41,7,5,3460
436,Ivy Farrell,O,24,3,6,902
437,Maliyah Warren,O,51,6,7,2414
438,Davian Rosario,AB,56,4,5,1716
439,Adeline Page,B,56,4,7,1252
440,Uriel Farrell,A,46,3,5,1134
441,Kaylynn Nguyen,A,24,2,2,1249
442,Jenna Stafford,A,63,5,2,2993
443,Armani Wade,O,64,6,8,2182
444,Fernando Choi,O,45,1,8,1824
445,Skylar Pace,O,57,4,5,1716
446,Gerardo Bauer,AB,36,6,7,2414
447,Michaela Newman,B,54,3,4,1366
448,Meredith Rubio,A,61,2,5,553
449,Jane Dennis,A,50,6,7,2414
450,King Osborne,A,28,6,7,2414
451,Natalya Tucker,O,62,7,3,3923
452,Daniela Mays,O,24,5,7,1833
453,Kasen Richmond,O,53,6,3,3342
454,Lila Petersen,AB,30,2,3,1017
455,Micaela Crawford,B,29,5,8,1601
456,Wesley Trujillo,A,18,8,9,3113
457,Hailie Huang,A,58,2,1,1481
458,Trystan Benton,A,55,0,4,1478
459,Jaycee Wood,O,32,6,3,3342
460,Tristan Pratt,O,60,5,9,1369
461,Liam Fields,O,22,3,6,902
462,Kyler Fletcher,AB,27,4,5,1716
463,Julissa Ritter,B,39,6,7,2414
464,Asa Velez,A,23,2,7,1011
465,Alyvia Daniel,A,21,6,6,2646
466,Conner Bridges,A,51,7,6,3228
467,Jesse Kent,O,34,6,5,2878
468,Journey Allen,O,35,2,5,553
469,Adelyn Donovan,O,54,5,5,2297
470,Levi Ewing,AB,63,3,7,670
471,Danna Phelps,B,39,3,5,1134
472,Nia Gibbs,A,19,7,6,3228
473,Bryan Escobar,A,59,5,7,1833
474,Cadence Alvarez,A,38,5,5,2297
475,Xzavier Jefferson,O,18,8,6,3809
476,Jensen Knapp,O,49,1,7,1592
477,Howard Blanchard,O,26,8,6,3809
478,Katelynn Valentine,AB,56,6,4,3110
479,Jameson Leonard,B,52,3,5,1134
480,Holden Jefferson,A,23,4,4,1948
481,Lorelai Berry,A,48,6,6,2646
482,Morgan Yu,A,21,8,5,4041
483,Arturo Sosa,O,45,3,6,902
484,Derick Cantrell,O,32,6,2,3574
485,Elias Gentry,O,19,4,3,2179
486,Talon Bryan,AB,31,2,4,785
487,Ashly Foster,B,58,3,1,2062
488,Luna Carney,A,35,8,8,3345
489,Erick Ruiz,A,34,3,4,1366
490,Kamari Mclean,A,24,7,1,4387
491,Zack Harding,O,54,8,6,3809
492,Cora Wyatt,O,44,6,9,1950
493,Tamia Moss,O,59,3,6,902
494,Lea Farmer,AB,61,7,4,3691
495,Jaylin Hardy,B,33,7,7,2996
496,Terrance Edwards,A,47,4,2,2411
497,Myles Levy,A,50,4,7,1252
498,Anthony James,A,35,6,8,2182
499,Reid Fisher,O,62,6,8,2182
500,Addisyn Erickson,O,38,7,3,3923
501,Samantha Cameron,O,45,7,6,3228
502,Niko Farmer,AB,21,7,6,3228
503,Kane Mcintyre,B,29,7,6,3228
504,Malia Nguyen,A,42,5,4,2529
505,Danny Arellano,A,47,5,5,2297
506,Charlie Ponce,A,53,2,8,1243
507,Kaliyah Carlson,O,42,4,2,2411
508,Tyrone Barnett,O,64,3,7,670
509,Dulce Joseph,O,29,4,1,2643
510,Madilynn Valenzuela,AB,22,8,8,3345
511,Damian Sloan,B,23,4,3,2179
512,Avery Snyder,A,48,4,6,1484
513,Cameron Hutchinson,A,37,0,4,1478
514,Carleigh Callahan,A,30,6,0,4038
515,Taliyah Mitchell,O,23,4,2,2411
516,Kate Clayton,O,32,8,8,3345
517,Kyle Reese,O,34,3,7,670
518,Colby Barr,AB,41,8,8,3345
519,Kristen Merritt,B,21,4,5,1716
520,Josue Willis,A,57,7,6,3228
521,Dean Potter,A,42,7,4,3691
522,Paityn Mason,A,51,2,4,785
523,Nadia Snyder,O,43,8,7,3577
524,Scarlet Hubbard,O,47,4,5,1716
525,Kaelyn Crawford,O,33,9,6,4390
526,Danielle Arellano,AB,40,10,6,4972
527,Orlando Hays,B,43,3,7,670
528,Diego Boone,A,62,3,6,902
529,Raquel Shannon,A,22,2,9,1475
530,Adison Garrison,A,19,5,6,2065
531,Taniyah Weaver,O,34,7,7,2996
532,Yadira Bryant,O,30,7,3,3923
533,Mateo Jones,O,19,5,4,2529
534,Felicity Duke,AB,63,5,10,1137
535,Corbin Mahoney,B,24,7,4,3691
536,Jeramiah Watts,A,48,4,7,1252
537,Brayden Chapman,A,53,7,5,3460
538,Samson Benton,A,53,8,7,3577
539,Miguel Carroll,O,58,5,3,2761
540,Frank Gonzalez,O,55,1,5,1128
541,Dawson Gibbs,O,50,4,8,1020
542,Paige Herrera,AB,37,4,8,1020
543,Rodrigo Grant,B,27,6,6,2646
544,Denisse Henry,A,51,4,7,1252
545,Phoenix Shah,A,27,5,5,2297
546,Ricky Campos,A,22,3,5,1134
547,Daniella Graham,O,18,8,7,3577
548,Alijah Roach,O,44,5,9,1369
549,Kallie Romero,O,62,6,6,2646
550,Ishaan Lin,AB,49,4,6,1484
551,Layton Hunt,B,43,5,4,2529
552,Zain Hood,A,22,6,6,2646
553,Brooklynn Juarez,A,27,3,5,1134
554,Israel Holden,A,22,3,10,1126
555,Lillie Malone,O,55,4,7,1252
556,Rayna Mendez,O,27,3,4,1366
557,Luciano Rivas,O,30,5,5,2297
558,Guillermo Bird,AB,46,6,8,2182
559,Santino Martin,B,18,6,6,2646
560,Jonas Zavala,A,57,8,5,4041
561,Jairo Mclaughlin,A,29,5,6,2065
562,Israel Jacobs,A,19,6,1,3806
563,Kendra Cooley,O,35,5,6,2065
564,Henry Cherry,O,44,4,7,1252
565,Noe Hudson,O,38,5,4,2529
566,Kamryn Norris,AB,37,6,10,1718
567,Dominic Rivers,B,39,8,6,3809
568,Trenton Huang,A,47,4,5,1716
569,Jaylah Bradley,A,42,6,2,3574
570,Brielle Schroeder,A,52,5,5,2297
571,River Price,O,28,3,3,1598
572,Duncan George,O,33,0,7,2174
573,Kamari Hebert,O,20,5,5,2297
574,Gregory Lynn,AB,23,2,5,553
575,Halle Mcdaniel,B,21,3,3,1598
576,Brandon Blair,A,33,6,5,2878
577,Gracelyn Macdonald,A,28,4,6,1484
578,Diego Zamora,A,18,2,3,1017
579,Miranda Benson,O,54,4,9,788
580,Lamont Duke,O,50,6,5,2878
581,Evan Fleming,O,50,5,1,3225
582,Alexa Medina,AB,48,4,8,1020
583,Brynlee Bernard,B,34,6,5,2878
584,Reece Johns,A,37,8,7,3577
585,Darion Knox,A,27,4,8,1020
586,Darion Fitzgerald,A,22,8,10,2881
587,Toby Irwin,O,51,4,9,788
588,Kareem Harding,O,26,4,5,1716
589,Declan Sosa,O,30,8,3,4505
590,Kayden Summers,AB,45,6,5,2878
591,Anahi Rocha,B,58,2,6,779
592,Keyon Harris,A,55,4,4,1948
593,Micheal Barrera,A,24,7,6,3228
594,Aileen Vazquez,A,62,7,6,3228
595,Urijah Shah,O,45,5,6,2065
596,Zariah Cooper,O,51,7,6,3228
597,Camille Taylor,O,49,5,7,1833
598,Sanai Downs,AB,64,5,6,2065
599,Sarai Beasley,B,55,4,4,1948
600,Daniella Adkins,A,20,4,6,1484
601,Angelina Palmer,A,20,4,6,1484
602,Graham Pacheco,A,31,5,6,2065
603,Sullivan Boyer,O,23,7,6,3228
604,Darwin Manning,O,31,5,6,2065
605,Jesse Kirby,O,28,1,5,1128
606,Mohamed Washington,AB,51,0,7,2174
607,Aiyana Osborne,B,44,9,1,5550
608,Maryjane Best,A,30,3,4,1366
609,Kayleigh Moon,A,63,8,7,3577
610,Skyler Wiley,A,45,3,6,902
611,Lorelei Hester,O,43,2,5,553
612,Gemma Navarro,O,53,2,9,1475
613,Jamari Hunter,O,42,3,5,1134
614,Yusuf Andrews,AB,62,6,0,4038
615,Royce Marks,B,54,5,8,1601
616,Brennen Kim,A,46,4,7,1252
617,Naima Fields,A,25,4,7,1252
618,Alijah Jimenez,A,62,5,9,1369
619,Elliott Jennings,O,30,4,8,1020
620,Alonzo Frye,O,32,4,5,1716
621,Rebekah Moran,O,30,4,6,1484
622,Carissa Collier,AB,51,5,7,1833
623,Raegan Cisneros,B,46,3,5,1134
624,Hillary Huynh,A,34,4,2,2411
625,Kamden Henson,A,37,0,8,2406
626,Amirah Nicholson,A,59,3,3,1598
627,Lennon Reid,O,51,2,7,1011
628,Jaylynn Wu,O,29,3,5,1134
629,Kennedy Archer,O,38,4,4,1948
630,Kendall Ross,AB,57,4,0,2875
631,Bradyn Clark,B,38,7,3,3923
632,Josh Conner,A,31,4,5,1716
633,Joaquin Delacruz,A,31,7,7,2996
634,Xiomara Terrell,A,32,8,5,4041
635,Leia Mcdaniel,O,34,2,8,1243
636,Rodolfo Moon,O,41,7,6,3228
637,Skyler Rose,O,54,8,9,3113
638,Yamilet Mora,AB,58,5,9,1369
639,Eli Hammond,B,19,2,4,785
640,Cayden Rojas,A,54,0,5,1710
641,Cindy Hester,A,44,4,8,1020
642,Jaelyn Schaefer,A,42,6,6,2646
643,Rex Shields,O,37,6,7,2414
644,Haley Contreras,O,42,2,7,1011
645,Cael Benton,O,29,6,6,2646
646,Julianna Jacobson,AB,41,7,7,2996
647,Mira Haney,B,40,1,5,1128
648,Enzo Clarke,A,43,8,4,4273
649,Tori Hardin,A,58,4,3,2179
650,Kaitlin Dawson,A,60,2,4,785
651,Mitchell Stafford,O,30,0,6,1942
652,Georgia Coleman,O,62,7,3,3923
653,Gilberto Rojas,O,55,3,6,902
654,Yosef Armstrong,AB,19,4,7,1252
655,Rayne Woods,B,52,4,2,2411
656,Alondra Gallagher,A,40,6,0,4038
657,Denise Hardin,A,20,2,6,779
658,Londyn Alvarez,A,26,5,4,2529
659,Russell Forbes,O,29,6,3,3342
660,Lexie Wheeler,O,51,7,7,2996
661,Adeline Fitzpatrick,O,38,4,1,2643
662,Paxton Barron,AB,59,9,5,4622
663,Bruce Barber,B,55,4,4,1948
664,Rosemary Larson,A,48,6,7,2414
665,Marshall Berry,A,53,2,4,785
666,Aydan Little,A,57,5,5,2297
667,Roderick Shaw,O,25,8,6,3809
668,Dakota Mata,O,28,3,6,902
669,Kaylyn Fletcher,O,62,7,8,2764
670,Cory Carr,AB,37,10,6,4972
671,Tristian Parrish,B,37,8,7,3577
672,Jovanni Barajas,A,50,5,7,1833
673,Kael Reynolds,A,49,7,6,3228
674,Gunner Horn,A,46,8,4,4273
675,Ari Santana,O,52,5,7,1833
676,Gavin Watts,O,30,3,5,1134
677,Matthew Bartlett,O,50,7,7,2996
678,Jaycee Chaney,AB,51,5,8,1601
679,Edgar Meyer,B,50,5,6,2065
680,Shawn Melendez,A,41,5,7,1833
681,Marcos Roman,A,30,5,9,1369
682,Isabela Hester,A,34,2,3,1017
683,Rayna Collier,O,22,4,4,1948
684,Cale Harvey,O,19,5,2,2993
685,Pedro Shelton,O,62,3,7,670
686,Annabelle Park,AB,29,4,3,2179
687,Amira Joseph,B,33,6,6,2646
688,Kaylin Mckay,A,19,6,6,2646
689,Anne Sampson,A,40,7,5,3460
690,Humberto Berg,A,44,3,5,1134
691,Frida Guzman,O,61,4,8,1020
692,Hayden Stevens,O,28,3,6,902
693,Lee Walls,O,60,5,9,1369
694,Kristen Booker,AB,34,4,7,1252
695,Tatiana Trevino,B,45,6,6,2646
696,Atticus Zuniga,A,62,5,5,2297
697,Antoine Lara,A,32,6,9,1950
698,Erik Copeland,A,48,3,6,902
699,Reina Cherry,O,41,2,6,779
700,Jaylee Roberts,O,29,3,4,1366
701,Dorian Alexander,O,64,6,5,2878
702,Larissa Ware,AB,30,5,6,2065
703,Bryson Carr,B,61,5,7,1833
704,Heaven Patterson,A,57,4,1,2643
705,Joanna Barnes,A,26,5,5,2297
706,Ariel Lamb,A,64,2,3,1017
707,Lexi Hayes,O,25,7,3,3923
708,Jonathon Jackson,O,26,5,4,2529
709,Ayanna Wade,O,42,2,4,785
710,Gia Spencer,AB,61,7,6,3228
711,Cale Harding,B,25,5,4,2529
712,Taryn Dickson,A,28,4,4,1948
713,Oswaldo Shea,A,23,6,7,2414
714,Corey Armstrong,A,52,8,5,4041
715,Ashlyn Boyd,O,46,5,8,1601
716,Amya Conley,O,54,7,6,3228
717,Kole Rosales,O,63,1,3,665
718,Keyon Mays,AB,32,5,6,2065
719,Makena House,B,54,3,7,670
720,Reed Wells,A,50,5,8,1601
721,Alden Irwin,A,62,2,5,553
722,Kenzie Carrillo,A,36,5,9,1369
723,Lamar Cooley,O,33,5,5,2297
724,Yoselin Mcpherson,O,32,7,5,3460
725,Fabian Tapia,O,60,5,9,1369
726,Tatiana Macdonald,AB,26,4,1,2643
727,Chance Atkins,B,54,3,7,670
728,Andrew Chase,A,51,2,8,1243
729,Martha Carson,A,46,5,8,1601
730,Tyshawn Bruce,A,49,7,10,2300
731,Hezekiah Hoover,O,48,2,8,1243
732,Dayana Phelps,O,28,6,4,3110
733,Essence Harper,O,36,5,7,1833
734,Kaden Adams,AB,33,8,8,3345
735,Luis Mckee,B,37,7,7,2996
736,Declan Torres,A,28,6,3,3342
737,Francisco Gonzalez,A,22,8,4,4273
738,Paris Fischer,A,24,5,9,1369
739,Javier Garner,O,27,6,6,2646
740,Kristen Richards,O,20,8,5,4041
741,Rohan Patel,O,40,5,6,2065
742,Steve Gibson,AB,33,9,4,4854
743,Mary Yu,B,53,5,4,2529
744,Judith Lewis,A,63,5,7,1833
745,Kelsie Garza,A,33,3,6,902
746,Caitlyn Roth,A,38,6,6,2646
747,Albert Rodriguez,O,28,5,3,2761
748,Leila Stuart,O,52,1,6,1360
749,Zoie Bradley,O,56,7,8,2764
750,Nikolai Garcia,AB,35,6,7,2414
751,Justice Griffith,B,35,3,8,662
752,Dean Bishop,A,48,7,7,2996
753,Kate Horton,A,41,5,7,1833
754,Sanai Powell,A,21,5,5,2297
755,Abraham Day,O,39,6,5,2878
756,Sydney Holden,O,47,3,7,670
757,Donovan Harding,O,35,6,9,1950
758,Erica Hopkins,AB,41,4,9,788
759,Naomi Reed,B,41,0,7,2174
760,Rylee Gonzalez,A,57,7,7,2996
761,Augustus Hartman,A,21,2,4,785
762,Ibrahim Graves,A,24,5,5,2297
763,Diego Marshall,O,49,6,10,1718
764,Yaritza Duke,O,53,4,5,1716
765,Ann Macdonald,O,52,7,4,3691
766,Xiomara Sampson,AB,60,4,7,1252
767,Jaidyn Bird,B,25,5,6,2065
768,Kaylie Harrison,A,49,4,8,1020
769,Sean Sims,A,39,5,4,2529
770,Rhianna Todd,A,23,8,5,4041
771,Dylan Hurley,O,37,7,9,2532
772,Viviana Serrano,O,31,5,8,1601
773,Aldo Stout,O,29,8,8,3345
774,Jamarion Strong,AB,61,3,6,902
775,Kaliyah Gates,B,52,6,9,1950
776,Ashlee Mcneil,A,34,5,7,1833
777,Collin Harding,A,26,1,6,1360
778,Savanah Duncan,A,20,3,6,902
779,Brooklyn Yang,O,59,4,7,1252
780,Jessie Hancock,O,35,7,3,3923
781,Chase Graves,O,37,6,6,2646
782,Nathanial Powell,AB,18,5,7,1833
783,Rachael Archer,B,35,5,9,1369
784,Sage Frazier,A,60,4,7,1252
785,Dania Vang,A,31,3,4,1366
786,Talan Mcclure,A,25,3,4,1366
787,Asia Odonnell,O,39,5,7,1833
788,Moises Montgomery,O,50,6,7,2414
789,Jan Jacobs,O,40,2,6,779
790,Elle Hodge,AB,58,8,8,3345
791,Aniya Fitzpatrick,B,18,7,3,3923
792,Lukas Barker,A,40,6,6,2646
793,Audrina Cummings,A,40,4,6,1484
794,Theresa Bates,A,42,5,6,2065
795,Caroline Nichols,O,42,6,5,2878
796,Conner Terry,O,25,6,5,2878
797,Jorden Hart,O,53,6,8,2182
798,Georgia Krause,AB,40,6,7,2414
799,Skylar Gregory,B,62,7,3,3923
800,Anahi Webb,A,35,8,4,4273
801,Tony Mccall,A,62,4,6,1484
802,Brianna Moyer,A,38,5,6,2065
803,Emerson Pitts,O,50,8,8,3345
804,Mckinley Frank,O,51,7,5,3460
805,Ismael Dalton,O,28,6,6,2646
806,Adelyn Hines,AB,58,6,6,2646
807,Jillian Strickland,B,18,8,3,4505
808,Giada Huff,A,44,5,6,2065
809,Darien Odonnell,A,37,8,8,3345
810,Elaina Conrad,A,51,5,6,2065
811,Jayden Reeves,O,27,4,8,1020
812,Johan Kramer,O,50,2,6,779
813,Gwendolyn Hart,O,62,6,4,3110
814,Imani Benjamin,AB,36,4,6,1484
815,Brett Butler,B,33,7,4,3691
816,Kylee Morrow,A,60,3,6,902
817,Meadow Lopez,A,35,5,6,2065
818,Catalina Sheppard,A,45,8,8,3345
819,Jazlene Hawkins,O,61,6,7,2414
820,Angeline Larson,O,60,6,7,2414
821,Clarence Ewing,O,46,6,3,3342
822,Jaslyn Jacobson,AB,61,8,5,4041
823,Landen Horne,B,34,7,5,3460
824,Robert Sims,A,28,2,8,1243
825,Parker Lutz,A,47,5,3,2761
826,Caitlyn Spears,A,32,4,9,788
827,Sage Mccoy,O,27,3,4,1366
828,Ava Maxwell,O,28,5,9,1369
829,Karter Day,O,51,6,6,2646
830,Meredith Wright,AB,62,7,10,2300
831,Raymond Haley,B,41,0,4,1478
832,Savion Burton,A,47,4,8,1020
833,Nylah Barajas,A,52,8,8,3345
834,Jace Avila,A,61,7,6,3228
835,Sherlyn Preston,O,39,7,5,3460
836,Mauricio Lamb,O,41,4,1,2643
837,Abigayle Garrett,O,40,4,8,1020
838,Dorian Flowers,AB,63,4,7,1252
839,Josephine Wise,B,27,5,5,2297
840,Aileen Barry,A,31,6,8,2182
841,Ronnie Murray,A,33,6,6,2646
842,Carl Mora,A,61,4,7,1252
843,Sarah Ashley,O,41,5,6,2065
844,Kyla Sandoval,O,18,1,5,1128
845,Carson Gentry,O,46,3,9,894
846,Lacey Giles,AB,32,3,9,894
847,Miah Olson,B,32,9,7,4158
848,Layne Gates,A,58,5,7,1833
849,Isiah Miranda,A,59,7,8,2764
850,Darius Guzman,A,45,4,8,1020
851,Jefferson Calderon,O,36,4,1,2643
852,Ralph Livingston,O,42,3,5,1134
853,Camryn Hunt,O,54,3,5,1134
854,Isla Mendez,AB,26,8,3,4505
855,Hassan Cuevas,B,35,9,7,4158
856,Penelope Erickson,A,22,6,3,3342
857,Jayden Gilmore,A,43,3,5,1134
858,Jakayla Daniel,A,44,3,5,1134
859,Allie Dennis,O,41,3,8,662
860,Rose Beck,O,30,5,2,2993
861,Caiden Park,O,33,5,8,1601
862,Callie Horn,AB,63,6,7,2414
863,Kaila Mcclure,B,47,6,9,1950
864,Emma Zhang,A,22,5,2,2993
865,Malik Knox,A,48,4,5,1716
866,Dahlia Pitts,A,57,6,6,2646
867,Micah Frey,O,55,5,7,1833
868,Kiana Haley,O,47,3,3,1598
869,Lucian Cordova,O,42,5,4,2529
870,Juliet Gibbs,AB,40,4,4,1948
871,Tristian Rodgers,B,21,5,3,2761
872,Luca Leon,A,19,4,4,1948
873,Sheldon Buckley,A,18,0,3,1246
874,Finley Phillips,A,36,2,2,1249
875,Julian Copeland,O,48,2,6,779
876,Markus Gallegos,O,42,6,2,3574
877,Heath Lambert,O,30,3,8,662
878,Tristian Horne,AB,32,1,7,1592
879,Jaelyn Myers,B,30,6,2,3574
880,Emery Jordan,A,30,10,4,5435
881,Braiden Knox,A,44,6,5,2878
882,Heaven Benson,A,30,2,4,785
883,Coby Reese,O,47,8,8,3345
884,Peyton Dixon,O,28,4,6,1484
885,Whitney Lucero,O,33,7,6,3228
886,Uriah Yoder,AB,34,7,5,3460
887,Jazlene Ellison,B,26,2,8,1243
888,Hayley Sampson,A,39,3,8,662
889,Quinten Terry,A,25,6,6,2646
890,Landen Diaz,A,44,6,9,1950
891,Draven Nolan,O,55,4,6,1484
892,Rene Ramos,O,18,1,6,1360
893,Kristina Lozano,O,49,6,7,2414
894,Xzavier Koch,AB,57,4,5,1716
895,Amaris Holland,B,30,9,5,4622
896,Viviana Werner,A,33,5,3,2761
897,Deangelo Cantrell,A,59,5,4,2529
898,Casey Sims,A,48,1,9,2056
899,Alessandro Pittman,O,42,7,9,2532
900,Marcus Mullen,O,39,6,6,2646
901,Asher Swanson,O,50,7,3,3923
902,Aleah Schneider,AB,31,2,3,1017
903,Alberto Pearson,B,28,8,7,3577
904,Jadon Garrett,A,56,6,5,2878
905,Julie Quinn,A,46,8,7,3577
906,Davin Woodard,A,38,3,4,1366
907,Trevon Glass,O,35,4,7,1252
908,Alec Grimes,O,25,2,5,553
909,Renee Oneal,O,35,3,6,902
910,Akira Wilkerson,AB,21,2,5,553
911,Melina Heath,B,59,6,6,2646
912,Hamza Mullen,A,24,5,3,2761
913,Mira Ortega,A,64,6,5,2878
914,Coleman Preston,A,19,5,1,3225
915,Elyse Farley,O,45,9,6,4390
916,Romeo Skinner,O,19,4,6,1484
917,Stanley Suarez,O,38,4,7,1252
918,Zander Christian,AB,25,9,6,4390
919,Adrienne Branch,B,26,4,6,1484
920,Xander David,A,64,5,4,2529
921,Gabriela Crawford,A,43,3,7,670
922,Lizbeth Hubbard,A,22,4,4,1948
923,Ally Joseph,O,32,7,6,3228
924,Zachariah Hunt,O,57,3,8,662
925,Damian Haley,O,57,2,7,1011
926,Mina Hall,AB,34,4,3,2179
927,Giancarlo Haney,B,56,2,5,553
928,Rodolfo Holder,A,44,6,6,2646
929,Toby Zamora,A,26,7,8,2764
930,Aditya Adams,A,58,4,6,1484
931,Victor Kane,O,39,6,5,2878
932,Kiana Rangel,O,25,6,6,2646
933,Talia Porter,O,59,7,4,3691
934,Dahlia Pierce,AB,24,8,8,3345
935,Maurice Wall,B,48,6,7,2414
936,Devan Nichols,A,49,4,7,1252
937,Rohan Trevino,A,25,7,6,3228
938,Nevaeh Sanchez,A,26,2,4,785
939,Beatrice Larsen,O,54,6,7,2414
940,Brenna Bailey,O,24,6,7,2414
941,Regina Greer,O,54,7,4,3691
942,Guadalupe Hampton,AB,41,6,3,3342
943,Azaria Huber,B,54,3,8,662
944,Frederick Finley,A,46,2,8,1243
945,Gerald Hale,A,56,5,7,1833
946,Zane Potter,A,18,2,6,779
947,Lucy Greer,O,26,10,4,5435
948,Wesley Molina,O,31,6,5,2878
949,Mckinley Bridges,O,55,4,6,1484
950,Johanna Holden,AB,45,4,9,788
951,Anton Horton,B,59,7,7,2996
952,Alvin Khan,A,36,4,5,1716
953,Krish Mccoy,A,19,10,8,4508
954,Adriel Shepherd,A,60,8,6,3809
955,Zackery Horton,O,31,5,7,1833
956,Noel Perry,O,23,6,2,3574
957,Kelvin Sandoval,O,39,5,4,2529
958,Sierra Wood,AB,55,2,7,1011
959,Amanda Murphy,B,29,6,0,4038
960,Clinton Howard,A,57,2,6,779
961,Theodore Chen,A,38,3,3,1598
962,Keira Paul,A,46,7,5,3460
963,Aaliyah Mcintyre,O,54,4,3,2179
964,Marissa Brock,O,61,5,6,2065
965,Carlos Brady,O,43,7,8,2764
966,Yoselin Clay,AB,32,8,5,4041
967,Anderson Bird,B,62,4,7,1252
968,Malachi Wong,A,39,4,6,1484
969,Carson Grimes,A,45,4,7,1252
970,Zara Hanna,A,36,4,8,1020
971,Sofia Foley,O,33,2,8,1243
972,Abagail Schaefer,O,56,6,3,3342
973,Autumn Marks,O,47,3,6,902
974,Will Dodson,AB,64,10,5,5204
975,Brock Velazquez,B,43,4,6,1484
976,Addyson Frederick,A,20,6,4,3110
977,Cassidy Benson,A,59,2,6,779
978,Gemma Berry,A,61,3,6,902
979,Holden Villanueva,O,18,7,8,2764
980,Danielle Olsen,O,58,5,5,2297
981,Devon Shields,O,31,5,9,1369
982,Adalynn Anthony,AB,50,9,5,4622
983,Miah Morrison,B,29,5,6,2065
984,Lukas Jenkins,A,32,3,9,894
985,Angelique Henry,A,52,4,3,2179
986,Yaretzi Velez,A,27,6,7,2414
987,Ainsley Foley,O,50,5,5,2297
988,Rigoberto Burch,O,60,4,6,1484
989,Vaughn Green,O,44,3,5,1134
990,Gia Alvarado,AB,20,3,4,1366
991,Asa Grant,B,38,8,6,3809
992,Elisha Pineda,A,30,6,3,3342
993,Zion Glass,A,56,5,5,2297
994,Leonard Suarez,A,52,5,7,1833
995,Mohammed Chavez,O,33,7,7,2996
996,Daniella Perry,O,21,1,2,667
997,Cecilia Lawson,O,49,9,7,4158
998,Dean Finley,AB,56,6,7,2414
999,Andres Larson,B,64,4,9,788
